com,表示商业机构,,,,,,
top,表示高端，顶级，事业突破，国际通用域名,,,,,,
win,英文解释-赢,据说是“菠菜”专用域名,,,,,
red,表示吉祥、红色、热情、勤奋,,,,,,
com,,,,,,,
com,,,,,,,
net,表示网络服务机构,,,,,,
org,表示非营利性组织,,,,,,
wang,表示华人域名，取自拼音-网（“wang”）,,,,,,
gov,表示政府机构,,,,,,
edu,表示教育机构,,,,,,
mil,表示军事机构,,,,,,
biz,表示商业机构,,,,,,
name,表示个人网站,,,,,,
info,表示信息提供,,,,,,
mobi,专用手机域名,,,,,,
pro,医生，会计师,,,,,,
travel,旅游网站,,,,,,
museum,博物馆,,,,,,
int,表示国际机构,,,,,,
aero,表示航空机构,,,,,,
post,表示邮政机构,,,,,,
rec,表示娱乐机构,,,,,,
asia,表示亚洲机构,,,,,,
au,"Australia,澳大利亚",,,,,,
ad,"Andorra,安道尔",,,,,,
ae,United,Arab,"Emirates,阿联酋",,,,
af,"Afghanistan,阿富汗",,,,,,
ag,Antigua,and,"Barbuda,安提瓜和巴布达",,,,
ai,Anguilla，安格拉,,,,,,
al,"Albania,阿尔巴尼亚",,,,,,
am,"Armenia,亚美尼亚",,,,,,
an,Netherlands,"Antilles,荷兰属地",,,,,
ao,"Angola,安哥拉",,,,,,
aa,"Antarctica,南极洲",,,,,,
ar,"Argentina,阿根廷",,,,,,
as,American,"Samoa,东萨摩亚",,,,,
at,"Austria,奥地利",,,,,,
au,"Australia,澳大利亚",,,,,,
aw,"Aruba,阿鲁巴",,,,,,
az,"Azerbaijan,阿塞拜疆",,,,,,
ba,Bosnia,"Hercegovina,波黑（波斯尼亚和黑塞哥维那）",,,,,
bb,"Barbados,巴巴多斯",,,,,,
bd,"Bangladesh,孟加拉国",,,,,,
be,"Belgium,比利时",,,,,,
bf,Burkina,"Faso,布基纳法索",,,,,
bg,"Bulgaria,保加利亚",,,,,,
bh,"Bahrain,巴林",,,,,,
bi,"Burundi,布隆迪",,,,,,
bj,"Benin,贝宁",,,,,,
bm,Bermuda，百慕大,,,,,,
bn,Brunei,"Darussalam,文莱达鲁萨兰国",,,,,
bo,"Bolivia,玻利维亚",,,,,,
br,Brazil，巴西,,,,,,
bs,"Bahamas,巴哈马",,,,,,
bt,"Bhutan,不丹",,,,,,
bv,Bouvet,Island，布韦群岛,,,,,
bw,Botswana，伯兹瓦纳,,,,,,
by,"Belarus,白俄罗斯",,,,,,
bz,"Belize,伯利兹",,,,,,
ca,"Canada,加拿大",,,,,,
cc,Cocos,"Islands,科科斯群岛",,,,,
cf,Central,African,"Republic,中非共和国",,,,
cd,"Congo,刚果民主共和国",,,,,,
ch,"Switzerland,瑞士",,,,,,
ci,Ivory,Coast，象牙海岸（科特迪瓦),,,,,
ck,Cook,"Islands,库克群岛",,,,,
cl,"Chile,智利",,,,,,
cm,"Cameroon,喀麦隆",,,,,,
cn,China，中国,,,,,,
co,"Colombia,哥伦比亚",,,,,,
cq,Equatorial,Guinea，赤道几内亚,,,,,
cr,Costa,"Rica,哥斯达黎加",,,,,
cu,"Cuba,古巴",,,,,,
cv,Cape,"Verde,佛得角",,,,,
cx,Christmas,"Island,圣诞岛（英",,,,,
cy,"Cyprus,塞浦路斯",,,,,,
cz,Czech,"Republic,捷克共和国",,,,,
de,"Germany,德国",,,,,,
dj,"Djibouti,吉布提",,,,,,
dk,"Denmark,丹麦",,,,,,
dm,"Dominica,多米尼加联邦",,,,,,
do,Dominican,"Republic,多米尼加共和国",,,,,
dz,"Algeria,阿尔及利亚属）",,,,,,
ec,"Ecuador,厄瓜多尔",,,,,,
ee,"Estonia,爱沙尼亚",,,,,,
eg,"Egypt,埃及",,,,,,
eh,Western,"Sahara,西萨摩亚",,,,,
er,The,Commonwealth,of,"eritrea,厄立特里亚",,,
es,"Spain,西班牙",,,,,,
et,"Ethiopia,埃塞俄比亚",,,,,,
ev,El,"Salvador,萨尔瓦多",,,,,
fi,"Finland,芬兰",,,,,,
fj,"Fiji,斐济",,,,,,
fk,Falkland,"Islands,福克兰群岛",,,,,
fm,Micronesia，密克罗尼西亚,,,,,,
fo,Faroe,"Islands,法罗群岛",,,,,
fr,"France,法国",,,,,,
ga,"Gobon,加蓬",,,,,,
gd,"Grenada,格林纳达",,,,,,
ge,"Georgia,格鲁吉亚",,,,,,
gf,French,Guiana，法属圭亚那,,,,,
gg,Guernsey，格恩西岛（根西岛）,,,,,,
gh,"Ghana,加纳",,,,,,
gi,"Gibraltar,直布罗陀",,,,,,
gl,"Greenland,格陵兰群岛",,,,,,
gm,"Gambia,冈比亚",,,,,,
gn,Guynea，几内亚,,,,,,
gp,"Guadeloupe,瓜德罗普岛（法属，赤道几内亚）",,,,,,
gr,"Greece,希腊",,,,,,
gs,South,Georgia,and,the,South,Sandwich,Islands，南乔治亚岛和南桑德韦奇岛
gt,"Guatemala,危地马拉",,,,,,
gu,"Guam,关岛",,,,,,
gw,"Guinea-Bissau,几内亚比绍",,,,,,
gy,Guyana，圭亚那,,,,,,
hk,Hong,Kong，中国香港,,,,,
hm,Heard,&,McDonald,Is，赫特与麦克唐纳群岛,,,
hn,"Honduras,洪都拉斯",,,,,,
hr,Croatia，克罗蒂亚,,,,,,
ht,"Haiti,海地",,,,,,
hu,"Hungary,匈牙利",,,,,,
id,"Indonesia,印度尼西亚",,,,,,
ie,"Ireland,爱尔兰共和国",,,,,,
il,"Israel,以色列",,,,,,
im,马恩岛,,,,,,
in,India，印度,,,,,,
io,British,Indian,Ocean,"Territory,英属印度洋领地",,,
iq,"Iraq,伊拉克",,,,,,
ir,"Iran,伊朗",,,,,,
is,"Iceland,冰岛",,,,,,
it,"Italy,意大利",,,,,,
jm,"Jamaica,牙买加",,,,,,
jo,"Jordan,约旦",,,,,,
jp,"Japan,日本",,,,,,
je,Jersey,"Island,泽西岛",,,,,
ke,"Kenya,肯尼亚",,,,,,
kg,"Kyrgyzstan,吉尔吉斯斯坦",,,,,,
kh,Cambodia，柬埔塞,,,,,,
ki,"Kiribati,基里巴斯",,,,,,
km,"Comoros,科摩罗",,,,,,
kn,St,Kitts,&,Nevis，圣茨和尼维斯,,,
kp,"Korea-North,北朝鲜",,,,,,
kr,"Korea-South,韩国（南朝鲜）",,,,,,
kw,"Kuwait,科威特",,,,,,
ky,Cayman,"Islands,开曼群岛（英属）",,,,,
kz,"Kazakhstan,哈萨克斯坦",,,,,,
la,Lao,People's,"Republic,老挝人民共和国",,,,
lb,"Lebanon,黎巴嫩",,,,,,
lc,St,Lucia，圣露西亚岛,,,,,
li,"Liechtenstein,列支敦士登",,,,,,
lk,Sri,"Lanka,斯里兰卡",,,,,
lr,"Liberia,利比里亚",,,,,,
ls,"Lesotho,莱索托",,,,,,
lt,"Lithuania,立陶宛",,,,,,
lu,"Luxembourg,卢森堡",,,,,,
lv,"Latvia,拉脱维亚",,,,,,
ly,"Libya,利比亚",,,,,,
ma,"Morocco,摩洛哥",,,,,,
mc,"Monaco,摩纳哥",,,,,,
md,"Moldova,摩尔多瓦",,,,,,
me,"Montenegro,黑山共和国",,,,,,
mg,"Madagascar,马达加斯加",,,,,,
mh,Marshall,"Islands,马绍尔群岛",,,,,
mk,The,Republic,of,"Macedonia,马其顿共和国",,,
ml,"Mali,马里",,,,,,
mm,"Myanmar,缅甸",,,,,,
mn,"Mongolia,蒙古",,,,,,
mo,Macau，中国澳门,,,,,,
mp,Northern,Mariana,"Islands,北马里亚纳群岛",,,,
mq,"Martinique,马提尼克岛（法属）",,,,,,
mr,"Mauritania,毛里塔尼亚",,,,,,
ms,"Montserrat,蒙塞拉特岛",,,,,,
mt,"Malta,马耳他",,,,,,
mu,The,Republic,of,"Mauritius,毛里求斯",,,
mv,"Maldives,马尔代夫",,,,,,
mw,"Malawi,马拉维",,,,,,
mx,"Mexico,墨西哥",,,,,,
my,"Malaysia,马来西亚",,,,,,
mz,"Mozambique,莫桑比克",,,,,,
na,"Namibia,纳米比亚",,,,,,
nc,New,"Caledonia,新喀里多尼亚",,,,,
ne,"Niger,尼日尔",,,,,,
nf,Norfolk,"Island,诺福克岛",,,,,
ng,"Nigeria,尼日利亚",,,,,,
ni,"Nicaragua,尼加拉瓜",,,,,,
nl,Netherlands，荷兰,,,,,,
no,"Norway,挪威",,,,,,
np,"Nepal,尼泊尔",,,,,,
nr,Nauru，瑙鲁,,,,,,
nt,Neutral,"Zone,中立区",,,,,
nu,Niue，纽埃,,,,,,
nz,New,"Zealand,新西兰",,,,,
om,"Oman,阿曼",,,,,,
qa,"Qatar,卡塔尔",,,,,,
pa,"Panama,巴拿马",,,,,,
pe,"Peru,秘鲁",,,,,,
pf,French,Polynesia，法属玻利尼西亚,,,,,
pg,Papua,New,"Guinea,巴布亚新几内亚",,,,
ph,"Philippines,菲律宾",,,,,,
pk,"Pakistan,巴基斯坦",,,,,,
pl,"Poland,波兰",,,,,,
pm,St,Pierre,&,"Mequielon,圣皮埃尔和密克隆岛",,,
pn,Pitcairn,"Island,皮特克恩岛",,,,,
pr,Puerto,"Rico,波多黎各",,,,,
pt,"Portugal,葡萄牙",,,,,,
pw,Palau，帕劳,,,,,,
py,"Paraguay,巴拉圭",,,,,,
re,Reunion,"Island,留尼汪岛（法属）",,,,,
rs,"Serbia,塞尔维亚亚共和国",,,,,,
ro,"Romania,罗马尼亚",,,,,,
ru,Russian,Federation，俄罗斯联邦,,,,,
rw,"Rwanda,卢旺达",,,,,,
sa,Saudi,"Arabia,沙特阿拉伯",,,,,
sb,Solomon,"Islands,所罗门群岛",,,,,
sc,"Seychelles,塞舌尔",,,,,,
sd,Sudan，苏旦,,,,,,
se,"Sweden,瑞典",,,,,,
sg,"Singapore,新加坡",,,,,,
sh,Saint,"Helena,圣赫勒拿岛（隶属于英国)",,,,,
si,"Slovenia,斯洛文尼亚",,,,,,
sj,Svalbard,&,Jan,Mayen，斯马尔巴特和扬马延岛,,,
sk,"Slovakia,斯洛伐克",,,,,,
sl,Sierra,"Leone,塞拉利昂",,,,,
sm,San,"Marino,圣马力诺",,,,,
sn,"Senegal,塞内加尔",,,,,,
so,"Somalia,索马里",,,,,,
sr,"Suriname,苏里南",,,,,,
st,Sao,Tome,&,"Principe,圣多美和普林西比",,,
sv,The,Republic,of,El,Salvador，萨尔瓦多,,
su,"USSR,苏联",,,,,,
sy,Syrian,Arab,"Republic,叙利亚",,,,
sz,"Swaziland,斯威士兰",,,,,,
sx,Sint,Maarten/Saint,Martin,",圣马丁岛",,,
tc,Turks,&,Caicos,Islands，特克斯群岛与凯科斯群岛,,,
td,"Chad,乍得",,,,,,
tf,French,Southern,Territories，法属南半球领地,,,,
tg,"Togo,多哥",,,,,,
th,"Thailand,泰国",,,,,,
tj,"Tajikistan,塔吉克斯坦",,,,,,
tk,"tokelau,托克劳群岛",,,,,,
tl,Democratic,Republic,of,East,"Timor,东帝汶",,
tm,"Turkmenistan,土库曼斯坦",,,,,,
tn,"Tunisia,突尼斯",,,,,,
to,"Tonga,汤加",,,,,,
tr,"Turkey,土耳其",,,,,,
tt,Trinidad,&,"Tobago,特立尼达和多巴哥",,,,
tv,"Tuvalu,图瓦卢",,,,,,
tw,Taiwan，中国台湾,,,,,,
tz,"Tanzania,坦桑尼亚",,,,,,
ua,Ukrainian,"SSR,乌克兰",,,,,
ug,"Uganda,乌干达",,,,,,
uk,United,Kingdom，英国,,,,,
um,United,States,Minor,Outlying,"Islands,美国本土外小岛屿",,
us,United,States，美国,,,,,
uy,"Uruguay,乌拉圭",,,,,,
uz,"Uzbekistan,乌兹别克斯坦",,,,,,
va,Vatican,City,State，梵地冈,,,,
vc,St,Vincent,&,the,"Grenadines,圣文森特和格林纳丁斯",,
ve,"Venezuela,委内瑞拉",,,,,,
vg,Virgin,"Islands,维京群岛",,,,,
vi,The,United,States,Virgin,"Islands,美属维尔京群岛",,
vn,"Vietnam,越南",,,,,,
vu,"Vanuatu,瓦努阿图",,,,,,
wf,Wallis,&,Fortuna,"Is,瓦利斯和富图纳群岛",,,
ws,Samoa，东萨摩亚,,,,,,
ye,"Yemen,也门",,,,,,
yt,"Mayotte,马约特岛",,,,,,
za,South,"Africa,南非",,,,,
zm,"Zambia,赞比亚",,,,,,
zw,"Zimbabwe,津巴布韦",,,,,,
arts,艺术类机构,,,,,,
com,商业机构,,,,,,
edu,教育及研究机构,,,,,,
firm,公司企业,,,,,,
gov,政府机构,,,,,,
info,信息服务,,,,,,
net,网络服务机构,,,,,,
nom,个人,,,,,,
org,专业团体,,,,,,
rec,娱乐类机构,,,,,,
store,销售类公司企业,,,,,,
web,从事WWW活动的机构,,,,,,
ren,新通用顶级域名,,,,,,
